{
  "model": "gpt-5-nano",
  "timestamp": "2025-09-06T18:18:14.929630",
  "results": {
    "baseline": {
      "dge": 0.18913793103448284,
      "cia": 0.0,
      "vc": 0.7509553664726079,
      "efficiency": 0.7007778423767534
    },
    "pure_learning": {
      "dge": 0.32145077623525903,
      "cia": 0.0,
      "vc": 0.7908120615017168,
      "efficiency": 0.6794740208132971
    },
    "pure_scaffolding": {
      "dge": 0.5515072302558399,
      "cia": 0.00806090461262875,
      "vc": 0.860076130765786,
      "efficiency": 0.7220779314711817
    },
    "enhanced": {
      "dge": 0.6484979502729838,
      "cia": 0.528735632183908,
      "vc": 0.8990147783251232,
      "efficiency": 0.7036898799655261
    }
  },
  "capability_gaps": {
    "graph_extraction": 0.459360019238501,
    "cascade_accuracy": 0.528735632183908,
    "value_correctness": 0.14805941185251537,
    "efficiency": 0.0029120375887726757
  },
  "overall_gap": 0.2847667752159243
}