{
  "model": "gpt-4.1-nano",
  "timestamp": "2025-09-06T17:23:17.931851",
  "results": {
    "baseline": {
      "dge": 0.2522508210180624,
      "cia": 0.0,
      "vc": 0.6984699208837138,
      "efficiency": 0.8272364373962753
    },
    "pure_learning": {
      "dge": 0.48555797801714323,
      "cia": 0.0,
      "vc": 0.810206747275713,
      "efficiency": 0.8309174825665319
    },
    "pure_scaffolding": {
      "dge": 0.5390029985007497,
      "cia": 0.02011494252873563,
      "vc": 0.7679056575608301,
      "efficiency": 0.7428808317355806
    },
    "enhanced": {
      "dge": 0.7410534843203067,
      "cia": 0.30459770114942525,
      "vc": 0.8699843260188089,
      "efficiency": 0.7886657912752912
    }
  },
  "capability_gaps": {
    "graph_extraction": 0.4888026633022443,
    "cascade_accuracy": 0.30459770114942525,
    "value_correctness": 0.17151440513509508,
    "efficiency": -0.03857064612098404
  },
  "overall_gap": 0.23158603086644516
}