{
  "model": "gpt-5-chat-latest",
  "timestamp": "2025-09-06T18:27:44.577866",
  "results": {
    "baseline": {
      "dge": 0.24815536187949988,
      "cia": 0.0,
      "vc": 0.6512054037916106,
      "efficiency": 0.8446718552145839
    },
    "pure_learning": {
      "dge": 0.4324871591706722,
      "cia": 0.0,
      "vc": 0.7678011643528887,
      "efficiency": 0.8493942376302831
    },
    "pure_scaffolding": {
      "dge": 0.5924668784029039,
      "cia": 0.061494252873563214,
      "vc": 0.7962382445141066,
      "efficiency": 0.7574366431803007
    },
    "enhanced": {
      "dge": 0.7138945033602082,
      "cia": 0.6896551724137931,
      "vc": 0.8464397671294225,
      "efficiency": 0.8075817583081178
    }
  },
  "capability_gaps": {
    "graph_extraction": 0.46573914148070833,
    "cascade_accuracy": 0.6896551724137931,
    "value_correctness": 0.19523436333781186,
    "efficiency": -0.03709009690646603
  },
  "overall_gap": 0.3283846450814618
}