{
  "model": "gpt-5",
  "timestamp": "2025-09-06T17:23:58.441595",
  "results": {
    "baseline": {
      "dge": 0.18293103448275866,
      "cia": 0.0,
      "vc": 0.6449805941185253,
      "efficiency": 0.7246524356869185
    },
    "pure_learning": {
      "dge": 0.2875505104590562,
      "cia": 0.0,
      "vc": 0.7389461113599046,
      "efficiency": 0.6639846743295019
    },
    "pure_scaffolding": {
      "dge": 0.5653539019963703,
      "cia": 0.011494252873563218,
      "vc": 0.8660098522167488,
      "efficiency": 0.7103485294178341
    },
    "enhanced": {
      "dge": 0.6898487527359933,
      "cia": 0.8730407523510972,
      "vc": 0.8495073891625616,
      "efficiency": 0.7289596002151796
    }
  },
  "capability_gaps": {
    "graph_extraction": 0.5069177182532347,
    "cascade_accuracy": 0.8730407523510972,
    "value_correctness": 0.20452679504403637,
    "efficiency": 0.004307164528261076
  },
  "overall_gap": 0.39719810754415735
}