{
  "model": "gpt-4.1-mini",
  "timestamp": "2025-09-06T18:27:44.575864",
  "results": {
    "baseline": {
      "dge": 0.2312576064908723,
      "cia": 0.0,
      "vc": 0.7469473055679952,
      "efficiency": 0.8288437090778289
    },
    "pure_learning": {
      "dge": 0.43324142170628865,
      "cia": 0.0,
      "vc": 0.8217233915509778,
      "efficiency": 0.8673533459274873
    },
    "pure_scaffolding": {
      "dge": 0.5906583072100314,
      "cia": 0.022988505747126436,
      "vc": 0.8072510822510822,
      "efficiency": 0.7607188556801565
    },
    "enhanced": {
      "dge": 0.7185773603701907,
      "cia": 0.303448275862069,
      "vc": 0.824682788475892,
      "efficiency": 0.7869694109882855
    }
  },
  "capability_gaps": {
    "graph_extraction": 0.4873197538793184,
    "cascade_accuracy": 0.303448275862069,
    "value_correctness": 0.07773548290789689,
    "efficiency": -0.04187429808954335
  },
  "overall_gap": 0.20665730363993526
}