{
  "model": "gpt-4o-mini",
  "timestamp": "2025-09-06T17:28:20.171303",
  "results": {
    "baseline": {
      "dge": 0.23063471011746878,
      "cia": 0.037356321839080456,
      "vc": 0.6653231825645619,
      "efficiency": 0.8519448797128311
    },
    "pure_learning": {
      "dge": 0.36642684052115404,
      "cia": 0.048850574712643674,
      "vc": 0.7225742648156444,
      "efficiency": 0.8178258043227192
    },
    "pure_scaffolding": {
      "dge": 0.4618018188707844,
      "cia": 0.048850574712643674,
      "vc": 0.7348783400507537,
      "efficiency": 0.7552376285541439
    },
    "enhanced": {
      "dge": 0.695464955918401,
      "cia": 0.22528735632183908,
      "vc": 0.786744290192566,
      "efficiency": 0.7337467559378367
    }
  },
  "capability_gaps": {
    "graph_extraction": 0.4648302458009322,
    "cascade_accuracy": 0.1879310344827586,
    "value_correctness": 0.12142110762800407,
    "efficiency": -0.11819812377499439
  },
  "overall_gap": 0.16399606603417513
}