{
  "model": "gpt-4o",
  "timestamp": "2025-09-06T18:18:14.776632",
  "results": {
    "baseline": {
      "dge": 0.20712225705329157,
      "cia": 0.0,
      "vc": 0.6826354679802956,
      "efficiency": 0.8382869059420784
    },
    "pure_learning": {
      "dge": 0.33762726670078924,
      "cia": 0.0,
      "vc": 0.7450888192267504,
      "efficiency": 0.7814287438042736
    },
    "pure_scaffolding": {
      "dge": 0.4903506022108564,
      "cia": 0.05459770114942528,
      "vc": 0.733128078817734,
      "efficiency": 0.770074094605955
    },
    "enhanced": {
      "dge": 0.6209418511906709,
      "cia": 0.40632183908045977,
      "vc": 0.7890655321689806,
      "efficiency": 0.6705256581054521
    }
  },
  "capability_gaps": {
    "graph_extraction": 0.41381959413737934,
    "cascade_accuracy": 0.40632183908045977,
    "value_correctness": 0.10643006418868495,
    "efficiency": -0.16776124783662638
  },
  "overall_gap": 0.18970256239247443
}