{
  "model": "gpt-4.1",
  "timestamp": "2025-09-06T17:23:17.931851",
  "results": {
    "baseline": {
      "dge": 0.2268098223615465,
      "cia": 0.0,
      "vc": 0.6866883116883118,
      "efficiency": 0.825920748880806
    },
    "pure_learning": {
      "dge": 0.44684051429514227,
      "cia": 0.0,
      "vc": 0.807631736080012,
      "efficiency": 0.8357702328120474
    },
    "pure_scaffolding": {
      "dge": 0.5843021346469623,
      "cia": 0.015517241379310345,
      "vc": 0.7575832213763248,
      "efficiency": 0.7521465409851537
    },
    "enhanced": {
      "dge": 0.6960975831133033,
      "cia": 0.6724137931034483,
      "vc": 0.8542469025227646,
      "efficiency": 0.763107687997223
    }
  },
  "capability_gaps": {
    "graph_extraction": 0.46928776075175677,
    "cascade_accuracy": 0.6724137931034483,
    "value_correctness": 0.1675585908344528,
    "efficiency": -0.06281306088358307
  },
  "overall_gap": 0.3116117709515187
}